Url: ,Date: 
https://www.zimmo.be/nl/erembodegem-9320/te-koop/huis/KG3IT/?search=eyJmaWx0ZXIiOnsic3RhdHVzIjp7ImluIjpbIkZPUl9TQUxFIiwiVEFLRV9PVkVSIl19LCJwbGFjZUlkIjp7ImluIjpbMTM1OV19fX0%3D&boosted=1,06-10-2023
https://www.zimmo.be/nl/erembodegem-9320/te-koop/appartement/KHQCO/?search=eyJmaWx0ZXIiOnsic3RhdHVzIjp7ImluIjpbIkZPUl9TQUxFIiwiVEFLRV9PVkVSIl19LCJwbGFjZUlkIjp7ImluIjpbMTM1OV19fX0%3D&boosted=1,06-10-2023
https://www.zimmo.be/nl/erembodegem-9300/te-koop/nieuwbouwproject/10048YS/?search=eyJmaWx0ZXIiOnsic3RhdHVzIjp7ImluIjpbIkZPUl9TQUxFIiwiVEFLRV9PVkVSIl19LCJwbGFjZUlkIjp7ImluIjpbMTM1OV19fX0%3D&boosted=1,06-10-2023
https://www.zimmo.be/nl/erembodegem-9320/te-koop/grond/KFCKW/?search=eyJmaWx0ZXIiOnsic3RhdHVzIjp7ImluIjpbIkZPUl9TQUxFIiwiVEFLRV9PVkVSIl19LCJwbGFjZUlkIjp7ImluIjpbMTM1OV19fX0%3D&boosted=1,06-10-2023
https://www.zimmo.be/nl/erembodegem-9320/te-koop/huis/KIDZ8/?search=eyJmaWx0ZXIiOnsic3RhdHVzIjp7ImluIjpbIkZPUl9TQUxFIiwiVEFLRV9PVkVSIl19LCJwbGFjZUlkIjp7ImluIjpbMTM1OV19fX0%3D,06-10-2023
https://www.zimmo.be/nl/erembodegem-9320/te-koop/huis/KIAZX/?search=eyJmaWx0ZXIiOnsic3RhdHVzIjp7ImluIjpbIkZPUl9TQUxFIiwiVEFLRV9PVkVSIl19LCJwbGFjZUlkIjp7ImluIjpbMTM1OV19fX0%3D,06-10-2023
https://www.zimmo.be/nl/erembodegem-9320/te-koop/huis/KIASZ/?search=eyJmaWx0ZXIiOnsic3RhdHVzIjp7ImluIjpbIkZPUl9TQUxFIiwiVEFLRV9PVkVSIl19LCJwbGFjZUlkIjp7ImluIjpbMTM1OV19fX0%3D,06-10-2023
https://www.zimmo.be/nl/aalst-9300/te-koop/huis/KIA0A/?search=eyJmaWx0ZXIiOnsic3RhdHVzIjp7ImluIjpbIkZPUl9TQUxFIiwiVEFLRV9PVkVSIl19LCJwbGFjZUlkIjp7ImluIjpbMTM1OV19fX0%3D,06-10-2023
https://www.zimmo.be/nl/aalst-9300/te-koop/appartement/KIA09/?search=eyJmaWx0ZXIiOnsic3RhdHVzIjp7ImluIjpbIkZPUl9TQUxFIiwiVEFLRV9PVkVSIl19LCJwbGFjZUlkIjp7ImluIjpbMTM1OV19fX0%3D,06-10-2023
https://www.zimmo.be/nl/erembodegem-9320/te-koop/huis/KI9AI/?search=eyJmaWx0ZXIiOnsic3RhdHVzIjp7ImluIjpbIkZPUl9TQUxFIiwiVEFLRV9PVkVSIl19LCJwbGFjZUlkIjp7ImluIjpbMTM1OV19fX0%3D,06-10-2023
https://www.zimmo.be/nl/erembodegem-9320/te-koop/appartement/KI901/?search=eyJmaWx0ZXIiOnsic3RhdHVzIjp7ImluIjpbIkZPUl9TQUxFIiwiVEFLRV9PVkVSIl19LCJwbGFjZUlkIjp7ImluIjpbMTM1OV19fX0%3D,06-10-2023
https://www.zimmo.be/nl/erembodegem-9320/te-koop/huis/KI4ZD/?search=eyJmaWx0ZXIiOnsic3RhdHVzIjp7ImluIjpbIkZPUl9TQUxFIiwiVEFLRV9PVkVSIl19LCJwbGFjZUlkIjp7ImluIjpbMTM1OV19fX0%3D,06-10-2023
https://www.zimmo.be/nl/erembodegem-9320/te-koop/huis/KI0XZ/?search=eyJmaWx0ZXIiOnsic3RhdHVzIjp7ImluIjpbIkZPUl9TQUxFIiwiVEFLRV9PVkVSIl19LCJwbGFjZUlkIjp7ImluIjpbMTM1OV19fX0%3D,06-10-2023
https://www.zimmo.be/nl/erembodegem-9320/te-koop/huis/KHUBH/?search=eyJmaWx0ZXIiOnsic3RhdHVzIjp7ImluIjpbIkZPUl9TQUxFIiwiVEFLRV9PVkVSIl19LCJwbGFjZUlkIjp7ImluIjpbMTM1OV19fX0%3D,06-10-2023
https://www.zimmo.be/nl/erembodegem-9320/te-koop/grond/KHSNQ/?search=eyJmaWx0ZXIiOnsic3RhdHVzIjp7ImluIjpbIkZPUl9TQUxFIiwiVEFLRV9PVkVSIl19LCJwbGFjZUlkIjp7ImluIjpbMTM1OV19fX0%3D,06-10-2023
https://www.zimmo.be/nl/erembodegem-9320/te-koop/grond/KHSNT/?search=eyJmaWx0ZXIiOnsic3RhdHVzIjp7ImluIjpbIkZPUl9TQUxFIiwiVEFLRV9PVkVSIl19LCJwbGFjZUlkIjp7ImluIjpbMTM1OV19fX0%3D,06-10-2023
https://www.zimmo.be/nl/erembodegem-9320/te-koop/grond/KHSNL/?search=eyJmaWx0ZXIiOnsic3RhdHVzIjp7ImluIjpbIkZPUl9TQUxFIiwiVEFLRV9PVkVSIl19LCJwbGFjZUlkIjp7ImluIjpbMTM1OV19fX0%3D,06-10-2023
https://www.zimmo.be/nl/erembodegem-9320/te-koop/grond/KHRB9/?search=eyJmaWx0ZXIiOnsic3RhdHVzIjp7ImluIjpbIkZPUl9TQUxFIiwiVEFLRV9PVkVSIl19LCJwbGFjZUlkIjp7ImluIjpbMTM1OV19fX0%3D,06-10-2023
https://www.zimmo.be/nl/erembodegem-9320/te-koop/grond/KHRAZ/?search=eyJmaWx0ZXIiOnsic3RhdHVzIjp7ImluIjpbIkZPUl9TQUxFIiwiVEFLRV9PVkVSIl19LCJwbGFjZUlkIjp7ImluIjpbMTM1OV19fX0%3D,06-10-2023
https://www.zimmo.be/nl/erembodegem-9320/te-koop/grond/KHRB1/?search=eyJmaWx0ZXIiOnsic3RhdHVzIjp7ImluIjpbIkZPUl9TQUxFIiwiVEFLRV9PVkVSIl19LCJwbGFjZUlkIjp7ImluIjpbMTM1OV19fX0%3D,06-10-2023
https://www.zimmo.be/nl/erembodegem-9320/te-koop/grond/KHRB0/?search=eyJmaWx0ZXIiOnsic3RhdHVzIjp7ImluIjpbIkZPUl9TQUxFIiwiVEFLRV9PVkVSIl19LCJwbGFjZUlkIjp7ImluIjpbMTM1OV19fX0%3D,06-10-2023
https://www.zimmo.be/nl/aalst-9300/te-koop/huis/KHIZ0/?search=eyJmaWx0ZXIiOnsic3RhdHVzIjp7ImluIjpbIkZPUl9TQUxFIiwiVEFLRV9PVkVSIl19LCJwbGFjZUlkIjp7ImluIjpbMTM1OV19LCJ6aW1tb0NvZGUiOnsibm90SW4iOlsiS0czSVQiLCJLSFFDTyIsIjEwMDQ4WVMiLCJLRkNLVyJdfX0sInBhZ2luZyI6eyJmcm9tIjowLCJzaXplIjoxN30sInNvcnRpbmciOlt7InR5cGUiOiJSQU5LSU5HX1NDT1JFIiwib3JkZXIiOiJERVNDIn1dfQ%3D%3D&p=2,06-10-2023
https://www.zimmo.be/nl/aalst-9300/te-koop/appartement/KH4O6/?search=eyJmaWx0ZXIiOnsic3RhdHVzIjp7ImluIjpbIkZPUl9TQUxFIiwiVEFLRV9PVkVSIl19LCJwbGFjZUlkIjp7ImluIjpbMTM1OV19LCJ6aW1tb0NvZGUiOnsibm90SW4iOlsiS0czSVQiLCJLSFFDTyIsIjEwMDQ4WVMiLCJLRkNLVyJdfX0sInBhZ2luZyI6eyJmcm9tIjowLCJzaXplIjoxN30sInNvcnRpbmciOlt7InR5cGUiOiJSQU5LSU5HX1NDT1JFIiwib3JkZXIiOiJERVNDIn1dfQ%3D%3D&p=2,06-10-2023
https://www.zimmo.be/nl/erembodegem-9320/te-koop/appartement/KH4O5/?search=eyJmaWx0ZXIiOnsic3RhdHVzIjp7ImluIjpbIkZPUl9TQUxFIiwiVEFLRV9PVkVSIl19LCJwbGFjZUlkIjp7ImluIjpbMTM1OV19LCJ6aW1tb0NvZGUiOnsibm90SW4iOlsiS0czSVQiLCJLSFFDTyIsIjEwMDQ4WVMiLCJLRkNLVyJdfX0sInBhZ2luZyI6eyJmcm9tIjowLCJzaXplIjoxN30sInNvcnRpbmciOlt7InR5cGUiOiJSQU5LSU5HX1NDT1JFIiwib3JkZXIiOiJERVNDIn1dfQ%3D%3D&p=2,06-10-2023
https://www.zimmo.be/nl/erembodegem-9320/te-koop/appartement/KH3Z7/?search=eyJmaWx0ZXIiOnsic3RhdHVzIjp7ImluIjpbIkZPUl9TQUxFIiwiVEFLRV9PVkVSIl19LCJwbGFjZUlkIjp7ImluIjpbMTM1OV19LCJ6aW1tb0NvZGUiOnsibm90SW4iOlsiS0czSVQiLCJLSFFDTyIsIjEwMDQ4WVMiLCJLRkNLVyJdfX0sInBhZ2luZyI6eyJmcm9tIjowLCJzaXplIjoxN30sInNvcnRpbmciOlt7InR5cGUiOiJSQU5LSU5HX1NDT1JFIiwib3JkZXIiOiJERVNDIn1dfQ%3D%3D&p=2,06-10-2023
https://www.zimmo.be/nl/erembodegem-9320/te-koop/huis/KGW4O/?search=eyJmaWx0ZXIiOnsic3RhdHVzIjp7ImluIjpbIkZPUl9TQUxFIiwiVEFLRV9PVkVSIl19LCJwbGFjZUlkIjp7ImluIjpbMTM1OV19LCJ6aW1tb0NvZGUiOnsibm90SW4iOlsiS0czSVQiLCJLSFFDTyIsIjEwMDQ4WVMiLCJLRkNLVyJdfX0sInBhZ2luZyI6eyJmcm9tIjowLCJzaXplIjoxN30sInNvcnRpbmciOlt7InR5cGUiOiJSQU5LSU5HX1NDT1JFIiwib3JkZXIiOiJERVNDIn1dfQ%3D%3D&p=2,06-10-2023
https://www.zimmo.be/nl/erembodegem-9320/te-koop/grond/KG51F/?search=eyJmaWx0ZXIiOnsic3RhdHVzIjp7ImluIjpbIkZPUl9TQUxFIiwiVEFLRV9PVkVSIl19LCJwbGFjZUlkIjp7ImluIjpbMTM1OV19LCJ6aW1tb0NvZGUiOnsibm90SW4iOlsiS0czSVQiLCJLSFFDTyIsIjEwMDQ4WVMiLCJLRkNLVyJdfX0sInBhZ2luZyI6eyJmcm9tIjowLCJzaXplIjoxN30sInNvcnRpbmciOlt7InR5cGUiOiJSQU5LSU5HX1NDT1JFIiwib3JkZXIiOiJERVNDIn1dfQ%3D%3D&p=2,06-10-2023
https://www.zimmo.be/nl/erembodegem-9320/te-koop/huis/KFNKJ/?search=eyJmaWx0ZXIiOnsic3RhdHVzIjp7ImluIjpbIkZPUl9TQUxFIiwiVEFLRV9PVkVSIl19LCJwbGFjZUlkIjp7ImluIjpbMTM1OV19LCJ6aW1tb0NvZGUiOnsibm90SW4iOlsiS0czSVQiLCJLSFFDTyIsIjEwMDQ4WVMiLCJLRkNLVyJdfX0sInBhZ2luZyI6eyJmcm9tIjowLCJzaXplIjoxN30sInNvcnRpbmciOlt7InR5cGUiOiJSQU5LSU5HX1NDT1JFIiwib3JkZXIiOiJERVNDIn1dfQ%3D%3D&p=2,06-10-2023
https://www.zimmo.be/nl/erembodegem-9320/te-koop/appartement/KFI70/?search=eyJmaWx0ZXIiOnsic3RhdHVzIjp7ImluIjpbIkZPUl9TQUxFIiwiVEFLRV9PVkVSIl19LCJwbGFjZUlkIjp7ImluIjpbMTM1OV19LCJ6aW1tb0NvZGUiOnsibm90SW4iOlsiS0czSVQiLCJLSFFDTyIsIjEwMDQ4WVMiLCJLRkNLVyJdfX0sInBhZ2luZyI6eyJmcm9tIjowLCJzaXplIjoxN30sInNvcnRpbmciOlt7InR5cGUiOiJSQU5LSU5HX1NDT1JFIiwib3JkZXIiOiJERVNDIn1dfQ%3D%3D&p=2,06-10-2023
https://www.zimmo.be/nl/erembodegem-9320/te-koop/grond/KFCKX/?search=eyJmaWx0ZXIiOnsic3RhdHVzIjp7ImluIjpbIkZPUl9TQUxFIiwiVEFLRV9PVkVSIl19LCJwbGFjZUlkIjp7ImluIjpbMTM1OV19LCJ6aW1tb0NvZGUiOnsibm90SW4iOlsiS0czSVQiLCJLSFFDTyIsIjEwMDQ4WVMiLCJLRkNLVyJdfX0sInBhZ2luZyI6eyJmcm9tIjowLCJzaXplIjoxN30sInNvcnRpbmciOlt7InR5cGUiOiJSQU5LSU5HX1NDT1JFIiwib3JkZXIiOiJERVNDIn1dfQ%3D%3D&p=2,06-10-2023
https://www.zimmo.be/nl/erembodegem-9320/te-koop/huis/KEK9A/?search=eyJmaWx0ZXIiOnsic3RhdHVzIjp7ImluIjpbIkZPUl9TQUxFIiwiVEFLRV9PVkVSIl19LCJwbGFjZUlkIjp7ImluIjpbMTM1OV19LCJ6aW1tb0NvZGUiOnsibm90SW4iOlsiS0czSVQiLCJLSFFDTyIsIjEwMDQ4WVMiLCJLRkNLVyJdfX0sInBhZ2luZyI6eyJmcm9tIjowLCJzaXplIjoxN30sInNvcnRpbmciOlt7InR5cGUiOiJSQU5LSU5HX1NDT1JFIiwib3JkZXIiOiJERVNDIn1dfQ%3D%3D&p=2,06-10-2023
https://www.zimmo.be/nl/erembodegem-9320/te-koop/grond/KEJXF/?search=eyJmaWx0ZXIiOnsic3RhdHVzIjp7ImluIjpbIkZPUl9TQUxFIiwiVEFLRV9PVkVSIl19LCJwbGFjZUlkIjp7ImluIjpbMTM1OV19LCJ6aW1tb0NvZGUiOnsibm90SW4iOlsiS0czSVQiLCJLSFFDTyIsIjEwMDQ4WVMiLCJLRkNLVyJdfX0sInBhZ2luZyI6eyJmcm9tIjowLCJzaXplIjoxN30sInNvcnRpbmciOlt7InR5cGUiOiJSQU5LSU5HX1NDT1JFIiwib3JkZXIiOiJERVNDIn1dfQ%3D%3D&p=2,06-10-2023
https://www.zimmo.be/nl/erembodegem-9320/te-koop/huis/KE6YL/?search=eyJmaWx0ZXIiOnsic3RhdHVzIjp7ImluIjpbIkZPUl9TQUxFIiwiVEFLRV9PVkVSIl19LCJwbGFjZUlkIjp7ImluIjpbMTM1OV19LCJ6aW1tb0NvZGUiOnsibm90SW4iOlsiS0czSVQiLCJLSFFDTyIsIjEwMDQ4WVMiLCJLRkNLVyJdfX0sInBhZ2luZyI6eyJmcm9tIjowLCJzaXplIjoxN30sInNvcnRpbmciOlt7InR5cGUiOiJSQU5LSU5HX1NDT1JFIiwib3JkZXIiOiJERVNDIn1dfQ%3D%3D&p=2,06-10-2023
https://www.zimmo.be/nl/erembodegem-9320/te-koop/huis/KE1NY/?search=eyJmaWx0ZXIiOnsic3RhdHVzIjp7ImluIjpbIkZPUl9TQUxFIiwiVEFLRV9PVkVSIl19LCJwbGFjZUlkIjp7ImluIjpbMTM1OV19LCJ6aW1tb0NvZGUiOnsibm90SW4iOlsiS0czSVQiLCJLSFFDTyIsIjEwMDQ4WVMiLCJLRkNLVyJdfX0sInBhZ2luZyI6eyJmcm9tIjowLCJzaXplIjoxN30sInNvcnRpbmciOlt7InR5cGUiOiJSQU5LSU5HX1NDT1JFIiwib3JkZXIiOiJERVNDIn1dfQ%3D%3D&p=2,06-10-2023
https://www.zimmo.be/nl/erembodegem-9320/te-koop/appartement/KCURB/?search=eyJmaWx0ZXIiOnsic3RhdHVzIjp7ImluIjpbIkZPUl9TQUxFIiwiVEFLRV9PVkVSIl19LCJwbGFjZUlkIjp7ImluIjpbMTM1OV19LCJ6aW1tb0NvZGUiOnsibm90SW4iOlsiS0czSVQiLCJLSFFDTyIsIjEwMDQ4WVMiLCJLRkNLVyJdfX0sInBhZ2luZyI6eyJmcm9tIjowLCJzaXplIjoxN30sInNvcnRpbmciOlt7InR5cGUiOiJSQU5LSU5HX1NDT1JFIiwib3JkZXIiOiJERVNDIn1dfQ%3D%3D&p=2,06-10-2023
https://www.zimmo.be/nl/erembodegem-9320/te-koop/appartement/KCURC/?search=eyJmaWx0ZXIiOnsic3RhdHVzIjp7ImluIjpbIkZPUl9TQUxFIiwiVEFLRV9PVkVSIl19LCJwbGFjZUlkIjp7ImluIjpbMTM1OV19LCJ6aW1tb0NvZGUiOnsibm90SW4iOlsiS0czSVQiLCJLSFFDTyIsIjEwMDQ4WVMiLCJLRkNLVyJdfX0sInBhZ2luZyI6eyJmcm9tIjowLCJzaXplIjoxN30sInNvcnRpbmciOlt7InR5cGUiOiJSQU5LSU5HX1NDT1JFIiwib3JkZXIiOiJERVNDIn1dfQ%3D%3D&p=2,06-10-2023
https://www.zimmo.be/nl/erembodegem-9320/te-koop/huis/KCNEI/?search=eyJmaWx0ZXIiOnsic3RhdHVzIjp7ImluIjpbIkZPUl9TQUxFIiwiVEFLRV9PVkVSIl19LCJwbGFjZUlkIjp7ImluIjpbMTM1OV19LCJ6aW1tb0NvZGUiOnsibm90SW4iOlsiS0czSVQiLCJLSFFDTyIsIjEwMDQ4WVMiLCJLRkNLVyJdfX0sInBhZ2luZyI6eyJmcm9tIjowLCJzaXplIjoxN30sInNvcnRpbmciOlt7InR5cGUiOiJSQU5LSU5HX1NDT1JFIiwib3JkZXIiOiJERVNDIn1dfQ%3D%3D&p=2,06-10-2023
https://www.zimmo.be/nl/erembodegem-9320/te-koop/appartement/KBQ9E/?search=eyJmaWx0ZXIiOnsic3RhdHVzIjp7ImluIjpbIkZPUl9TQUxFIiwiVEFLRV9PVkVSIl19LCJwbGFjZUlkIjp7ImluIjpbMTM1OV19LCJ6aW1tb0NvZGUiOnsibm90SW4iOlsiS0czSVQiLCJLSFFDTyIsIjEwMDQ4WVMiLCJLRkNLVyJdfX0sInBhZ2luZyI6eyJmcm9tIjowLCJzaXplIjoxN30sInNvcnRpbmciOlt7InR5cGUiOiJSQU5LSU5HX1NDT1JFIiwib3JkZXIiOiJERVNDIn1dfQ%3D%3D&p=2,06-10-2023
https://www.zimmo.be/nl/erembodegem-9320/te-koop/grond/KBLU7/?search=eyJmaWx0ZXIiOnsic3RhdHVzIjp7ImluIjpbIkZPUl9TQUxFIiwiVEFLRV9PVkVSIl19LCJwbGFjZUlkIjp7ImluIjpbMTM1OV19LCJ6aW1tb0NvZGUiOnsibm90SW4iOlsiS0czSVQiLCJLSFFDTyIsIjEwMDQ4WVMiLCJLRkNLVyJdfX0sInBhZ2luZyI6eyJmcm9tIjowLCJzaXplIjoxN30sInNvcnRpbmciOlt7InR5cGUiOiJSQU5LSU5HX1NDT1JFIiwib3JkZXIiOiJERVNDIn1dfQ%3D%3D&p=2,06-10-2023
https://www.zimmo.be/nl/erembodegem-9320/te-koop/huis/KBLD1/?search=eyJmaWx0ZXIiOnsic3RhdHVzIjp7ImluIjpbIkZPUl9TQUxFIiwiVEFLRV9PVkVSIl19LCJwbGFjZUlkIjp7ImluIjpbMTM1OV19LCJ6aW1tb0NvZGUiOnsibm90SW4iOlsiS0czSVQiLCJLSFFDTyIsIjEwMDQ4WVMiLCJLRkNLVyJdfX0sInBhZ2luZyI6eyJmcm9tIjowLCJzaXplIjoxN30sInNvcnRpbmciOlt7InR5cGUiOiJSQU5LSU5HX1NDT1JFIiwib3JkZXIiOiJERVNDIn1dfQ%3D%3D&p=2,06-10-2023
https://www.zimmo.be/nl/erembodegem-9320/te-koop/appartement/KB1I9/?search=eyJmaWx0ZXIiOnsic3RhdHVzIjp7ImluIjpbIkZPUl9TQUxFIiwiVEFLRV9PVkVSIl19LCJwbGFjZUlkIjp7ImluIjpbMTM1OV19LCJ6aW1tb0NvZGUiOnsibm90SW4iOlsiS0czSVQiLCJLSFFDTyIsIjEwMDQ4WVMiLCJLRkNLVyJdfX0sInBhZ2luZyI6eyJmcm9tIjowLCJzaXplIjoxN30sInNvcnRpbmciOlt7InR5cGUiOiJSQU5LSU5HX1NDT1JFIiwib3JkZXIiOiJERVNDIn1dfQ%3D%3D&p=2,06-10-2023
https://www.zimmo.be/nl/erembodegem-9320/te-koop/huis/KA69C/?search=eyJmaWx0ZXIiOnsic3RhdHVzIjp7ImluIjpbIkZPUl9TQUxFIiwiVEFLRV9PVkVSIl19LCJwbGFjZUlkIjp7ImluIjpbMTM1OV19LCJ6aW1tb0NvZGUiOnsibm90SW4iOlsiS0czSVQiLCJLSFFDTyIsIjEwMDQ4WVMiLCJLRkNLVyJdfX0sInBhZ2luZyI6eyJmcm9tIjowLCJzaXplIjoxN30sInNvcnRpbmciOlt7InR5cGUiOiJSQU5LSU5HX1NDT1JFIiwib3JkZXIiOiJERVNDIn1dfQ%3D%3D&p=2,06-10-2023
https://www.zimmo.be/nl/erembodegem-9320/te-koop/huis/KA69E/?search=eyJmaWx0ZXIiOnsic3RhdHVzIjp7ImluIjpbIkZPUl9TQUxFIiwiVEFLRV9PVkVSIl19LCJwbGFjZUlkIjp7ImluIjpbMTM1OV19LCJ6aW1tb0NvZGUiOnsibm90SW4iOlsiS0czSVQiLCJLSFFDTyIsIjEwMDQ4WVMiLCJLRkNLVyJdfX0sInBhZ2luZyI6eyJmcm9tIjowLCJzaXplIjoxN30sInNvcnRpbmciOlt7InR5cGUiOiJSQU5LSU5HX1NDT1JFIiwib3JkZXIiOiJERVNDIn1dfQ%3D%3D&p=3,06-10-2023
https://www.zimmo.be/nl/erembodegem-9320/te-koop/appartement/K9MCI/?search=eyJmaWx0ZXIiOnsic3RhdHVzIjp7ImluIjpbIkZPUl9TQUxFIiwiVEFLRV9PVkVSIl19LCJwbGFjZUlkIjp7ImluIjpbMTM1OV19LCJ6aW1tb0NvZGUiOnsibm90SW4iOlsiS0czSVQiLCJLSFFDTyIsIjEwMDQ4WVMiLCJLRkNLVyJdfX0sInBhZ2luZyI6eyJmcm9tIjowLCJzaXplIjoxN30sInNvcnRpbmciOlt7InR5cGUiOiJSQU5LSU5HX1NDT1JFIiwib3JkZXIiOiJERVNDIn1dfQ%3D%3D&p=3,06-10-2023
https://www.zimmo.be/nl/erembodegem-9320/te-koop/appartement/K9MCH/?search=eyJmaWx0ZXIiOnsic3RhdHVzIjp7ImluIjpbIkZPUl9TQUxFIiwiVEFLRV9PVkVSIl19LCJwbGFjZUlkIjp7ImluIjpbMTM1OV19LCJ6aW1tb0NvZGUiOnsibm90SW4iOlsiS0czSVQiLCJLSFFDTyIsIjEwMDQ4WVMiLCJLRkNLVyJdfX0sInBhZ2luZyI6eyJmcm9tIjowLCJzaXplIjoxN30sInNvcnRpbmciOlt7InR5cGUiOiJSQU5LSU5HX1NDT1JFIiwib3JkZXIiOiJERVNDIn1dfQ%3D%3D&p=3,06-10-2023
https://www.zimmo.be/nl/erembodegem-9320/te-koop/bedrijfsvastgoed/JXLVW/?search=eyJmaWx0ZXIiOnsic3RhdHVzIjp7ImluIjpbIkZPUl9TQUxFIiwiVEFLRV9PVkVSIl19LCJwbGFjZUlkIjp7ImluIjpbMTM1OV19LCJ6aW1tb0NvZGUiOnsibm90SW4iOlsiS0czSVQiLCJLSFFDTyIsIjEwMDQ4WVMiLCJLRkNLVyJdfX0sInBhZ2luZyI6eyJmcm9tIjowLCJzaXplIjoxN30sInNvcnRpbmciOlt7InR5cGUiOiJSQU5LSU5HX1NDT1JFIiwib3JkZXIiOiJERVNDIn1dfQ%3D%3D&p=3,06-10-2023
https://www.zimmo.be/nl/erembodegem-9320/te-koop/huis/JXLVV/?search=eyJmaWx0ZXIiOnsic3RhdHVzIjp7ImluIjpbIkZPUl9TQUxFIiwiVEFLRV9PVkVSIl19LCJwbGFjZUlkIjp7ImluIjpbMTM1OV19LCJ6aW1tb0NvZGUiOnsibm90SW4iOlsiS0czSVQiLCJLSFFDTyIsIjEwMDQ4WVMiLCJLRkNLVyJdfX0sInBhZ2luZyI6eyJmcm9tIjowLCJzaXplIjoxN30sInNvcnRpbmciOlt7InR5cGUiOiJSQU5LSU5HX1NDT1JFIiwib3JkZXIiOiJERVNDIn1dfQ%3D%3D&p=3,06-10-2023
